1,M,,,,,,
2,M,,,,,,
3,M,,,,,,
4,M,,112414802107943,"Sierra Madre, California",105479049486624,"Ann Arbor, Michigan",
5,M,,112290352116939,"South Holland, Illinois",,,
6,M,1987,,,,,
7,M,1990,102186159822587,"Chennai, Tamil Nadu",105479049486624,"Ann Arbor, Michigan",
8,M,1992,110513925635853,"Vijayawada, India",106517799384578,"New Delhi, India",25
9,M,,106442706060302,"Pune, Maharashtra",105479049486624,"Ann Arbor, Michigan",6
10,M,,108133899220230,Vizag,114952118516947,"San Francisco, California",
11,M,1988,110684188959162,"Chandigarh, India",108078335886887,Roorkee,
12,F,,,,,,
13,M,,,,,,
14,F,,106517799384578,"New Delhi, India",105479049486624,"Ann Arbor, Michigan",9
15,M,,,,,,
16,F,,108253802536536,"Hisar, Haryana",105479049486624,"Ann Arbor, Michigan",6
17,M,1992,115440481803904,"Ahmedabad, India",105479049486624,"Ann Arbor, Michigan",
18,F,,109142105771691,Yangzhou,105479049486624,"Ann Arbor, Michigan",
19,M,1990,102161913158207,"Delhi, India",104004516303647,Jamshedpur,1
20,M,,110513925635853,"Vijayawada, India",110421675645868,"Warangal, India",23
21,M,1991,114759761873412,"Mumbai, Maharashtra, India",114759761873412,"Mumbai, Maharashtra, India",12
22,M,1990,106377336067638,"Bangalore, India",105479049486624,"Ann Arbor, Michigan",
23,F,,,,,,
24,M,,116240411719609,"Amritsar, Punjab",105479049486624,"Ann Arbor, Michigan",
25,F,1991,114759761873412,"Mumbai, Maharashtra, India",105479049486624,"Ann Arbor, Michigan",2
26,M,1991,102161913158207,"Delhi, India",105479049486624,"Ann Arbor, Michigan",4
27,M,,115200305158163,"Hyderabad, Andhra Pradesh",105479049486624,"Ann Arbor, Michigan",4
28,F,,,,,,
29,M,,112370338779986,GÃ¶nen,105479049486624,"Ann Arbor, Michigan",
30,F,,,,105479049486624,"Ann Arbor, Michigan",
31,M,,107880865906444,"Maumee, Ohio",115797315097028,"Canton, Michigan",16
32,M,1991,106487939387579,"Gurgaon, Haryana",106487939387579,"Gurgaon, Haryana",5
33,M,1991,106377336067638,"Bangalore, India",112887355389124,"Tempe, Arizona",2
34,M,,,,112747022074764,"Jodhpur City, Rajasthan, India",
35,M,,,,,,
36,F,,110887648932241,"Oberentfelden, Switzerland",105479049486624,"Ann Arbor, Michigan",
37,M,,112381992107698,Visakhapatnam,115200305158163,"Hyderabad, Andhra Pradesh",1
38,M,1992,110684188959162,"Chandigarh, India",106377336067638,"Bangalore, India",2
39,M,,,,113857331958379,"Berkeley, California",
40,M,,109482975745249,Thrissur,106377336067638,"Bangalore, India",
41,M,,105996912764230,Tambaram,102186159822587,"Chennai, Tamil Nadu",
42,M,1990,105868576120246,"Coimbatore, Tamil Nadu",105479049486624,"Ann Arbor, Michigan",
43,M,,114759761873412,"Mumbai, Maharashtra, India",106517799384578,"New Delhi, India",25
44,M,,,,,,
45,M,,,,,,
46,M,,,,,,
47,M,,115200305158163,"Hyderabad, Andhra Pradesh",111948542155151,"San Jose, California",15
48,M,1991,106517799384578,"New Delhi, India",106377336067638,"Bangalore, India",
49,M,1990,115837015097302,"Bhopal, Madhya Pradesh",105479049486624,"Ann Arbor, Michigan",
50,M,,109564875737170,Ajmer,105479049486624,"Ann Arbor, Michigan",
51,M,,110513925635853,"Vijayawada, India",109026895791668,"Bezawada, Andhra Pradesh, India",
52,F,,110513925635853,"Vijayawada, India",116279518382448,Kolar,
53,M,,115200305158163,"Hyderabad, Andhra Pradesh",105479049486624,"Ann Arbor, Michigan",1
54,M,1991,114759761873412,"Mumbai, Maharashtra, India",109419232410281,"Newport Beach, California",
55,M,1991,114759761873412,"Mumbai, Maharashtra, India",108424279189115,"New York, New York",5
56,M,1991,106377336067638,"Bangalore, India",106377336067638,"Bangalore, India",3
57,M,1990,106517799384578,"New Delhi, India",105479049486624,"Ann Arbor, Michigan",1
58,M,1991,103125643060440,Thane,108075069213321,"Chandler, Arizona",2
59,M,1992,139863872691465,"Navi Mumbai (New Mumbai), India",106377336067638,"Bangalore, India",4
60,M,,105996942764227,"Kashipur, Uttarakhand",108078335886887,Roorkee,3
61,M,1991,,,102186159822587,"Chennai, Tamil Nadu",1
62,M,,,,114759761873412,"Mumbai, Maharashtra, India",
63,M,1991,,,105479049486624,"Ann Arbor, Michigan",
64,M,1987,135153983170437,"Ramagundam, India",105479049486624,"Ann Arbor, Michigan",21
65,M,,,,105479049486624,"Ann Arbor, Michigan",1
66,M,,114759761873412,"Mumbai, Maharashtra, India",105479049486624,"Ann Arbor, Michigan",1
67,M,,,,,,
68,M,,114927915189354,"Udaipur, Rajasthan",105479049486624,"Ann Arbor, Michigan",
69,M,1990,115200305158163,"Hyderabad, Andhra Pradesh",108078335886887,Roorkee,1
70,F,1991,114759761873412,"Mumbai, Maharashtra, India",105479049486624,"Ann Arbor, Michigan",25
71,M,1987,115200305158163,"Hyderabad, Andhra Pradesh",105479049486624,"Ann Arbor, Michigan",
72,M,1990,,,105479049486624,"Ann Arbor, Michigan",2
73,F,,110319648989551,"Ulaanbaatar, Mongolia",105479049486624,"Ann Arbor, Michigan",
74,M,1991,102186159822587,"Chennai, Tamil Nadu",105479049486624,"Ann Arbor, Michigan",
75,M,,,,106377336067638,"Bangalore, India",
76,M,,,,,,
77,M,1990,112863308729303,Raipur,110362072324510,"Lucknow, India",
78,M,,110922325599480,"Taichung, Taiwan",108075069213321,"Chandler, Arizona",2
79,M,1992,107899469233037,Nuzvid,102186159822587,"Chennai, Tamil Nadu",2
80,M,,,,,,
81,M,1991,,,,,
82,M,1990,115200305158163,"Hyderabad, Andhra Pradesh",114759761873412,"Mumbai, Maharashtra, India",
83,M,1992,105550756145727,Khammam,115200305158163,"Hyderabad, Andhra Pradesh",1
84,M,1991,112137615479872,Palasa,112149535477111,"Tiruchirappalli, India",
85,M,,113184935358849,Srikakulam,108078335886887,Roorkee,
86,F,1993,109318109087339,"Puebla, Puebla",105479049486624,"Ann Arbor, Michigan",
87,M,,102186159822587,"Chennai, Tamil Nadu",115200305158163,"Hyderabad, Andhra Pradesh",2
88,M,1991,112429778770216,Nellore,102186159822587,"Chennai, Tamil Nadu",2
89,M,,106517799384578,"New Delhi, India",106517799384578,"New Delhi, India",
90,M,,102186159822587,"Chennai, Tamil Nadu",102186159822587,"Chennai, Tamil Nadu",5
91,M,1990,110684188959162,"Chandigarh, India",106377336067638,"Bangalore, India",
92,F,,107567112600135,Nagpur,105479049486624,"Ann Arbor, Michigan",
93,M,,102161913158207,"Delhi, India",105479049486624,"Ann Arbor, Michigan",2
94,F,,106240506072879,"Torrance, California",105479049486624,"Ann Arbor, Michigan",
95,M,,110513925635853,"Vijayawada, India",115200305158163,"Hyderabad, Andhra Pradesh",
96,M,1991,113103408703048,Ongole,115200305158163,"Hyderabad, Andhra Pradesh",1
97,M,,138975409451928,"Naya Nangal, India",105479049486624,"Ann Arbor, Michigan",
98,M,1992,110513925635853,"Vijayawada, India",106442706060302,"Pune, Maharashtra",
99,M,,,,,,
100,M,1991,108133899220230,Vizag,108078335886887,Roorkee,
