Outlast,PC,Outlast [Online Game Code],$19.99,4.2 out of 5 stars, 47 customer reviews
Outlast,Xbox One,Outlast [Online Game Code],$19.99,4.2 out of 5 stars, 47 customer reviews
Outlast,Playstation 4,Dr. Muto,$15.99,3.8 out of 5 stars, 14 customer reviews
Not a Hero,PC,Elder Scrolls V: Skyrim - PC,$17.89,4.1 out of 5 stars," 1,078 customer reviews"
Not a Hero,Xbox One,LEGO Marvel Super Heroes - Xbox One,$19.99,4.5 out of 5 stars, 201 customer reviews
Not a Hero,Playstation 4,LEGO Batman 2: DC Super Heroes - Playstation 3,$8.48,4.5 out of 5 stars, 194 customer reviews
Pure Pool,PC,"RAVPower® Element 10400mAh External Battery USB Portable Charger (Dual USB Outputs, Ultra Compact Design), Travel Charger for iPhone 6,iPhone 6 plus,iPhone 5, 5S, 5C, 4S, 4, iPad Air, 4, 3, 2, Mini 2 (Apple adapters not included); Samsung Galaxy S5, S4, S3, S2, Note 3, Note 2; HTC One, EVO, Thunderbolt, Incredible, Droid DNA, Motorola ATRIX, Droid, Moto X, Google Glass, Nexus 4, Nexus 5, Nexus 7, Nexus 10, LG Optimus, PS Vita, GoPro, Smart Watch and More - Black",$22.99,4.5 out of 5 stars," 1,617 customer reviews"
Pure Pool,Xbox One,"RAVPower® Element 10400mAh External Battery USB Portable Charger (Dual USB Outputs, Ultra Compact Design), Travel Charger for iPhone 6,iPhone 6 plus,iPhone 5, 5S, 5C, 4S, 4, iPad Air, 4, 3, 2, Mini 2 (Apple adapters not included); Samsung Galaxy S5, S4, S3, S2, Note 3, Note 2; HTC One, EVO, Thunderbolt, Incredible, Droid DNA, Motorola ATRIX, Droid, Moto X, Google Glass, Nexus 4, Nexus 5, Nexus 7, Nexus 10, LG Optimus, PS Vita, GoPro, Smart Watch and More - Black",$22.99,4.5 out of 5 stars," 1,617 customer reviews"
Pure Pool,Playstation 4,"RAVPower® Element 10400mAh External Battery USB Portable Charger (Dual USB Outputs, Ultra Compact Design), Travel Charger for iPhone 6,iPhone 6 plus,iPhone 5, 5S, 5C, 4S, 4, iPad Air, 4, 3, 2, Mini 2 (Apple adapters not included); Samsung Galaxy S5, S4, S3, S2, Note 3, Note 2; HTC One, EVO, Thunderbolt, Incredible, Droid DNA, Motorola ATRIX, Droid, Moto X, Google Glass, Nexus 4, Nexus 5, Nexus 7, Nexus 10, LG Optimus, PS Vita, GoPro, Smart Watch and More - Black",$22.99,4.5 out of 5 stars," 1,617 customer reviews"
LEGO The Hobbit,PC,LEGO The Hobbit (PC DVD) (UK Import),$23.98,3.0 out of 5 stars, 6 customer reviews
LEGO The Hobbit,Xbox One,LEGO The Hobbit - Xbox One,$24.35,4.4 out of 5 stars, 29 customer reviews
LEGO The Hobbit,Playstation 4,LEGO The Hobbit - PlayStation 4,$27.00,4.4 out of 5 stars, 31 customer reviews
Valiant Hearts: The Great War,PC,Valiant Hearts: The Great War [Online Game Code],$14.99,3.8 out of 5 stars, 8 customer reviews
Valiant Hearts: The Great War,Xbox One,Valiant Hearts: The Great War [Online Game Code],$14.99,3.8 out of 5 stars, 8 customer reviews
The Wolf Among Us,PC,The Wolf Among Us [Online Game Code],$24.99,4.0 out of 5 stars, 29 customer reviews
Thief,Xbox One,Thief - Xbox One,$14.90,3.1 out of 5 stars, 146 customer reviews
Thief,Playstation 4,Thief - PlayStation 4,$27.99,3.4 out of 5 stars, 224 customer reviews
Saints Row IV,PC,Saints Row IV  [Online Game Code],$19.99,4.3 out of 5 stars, 160 customer reviews
Saints Row IV,Playstation 4,Saints Row IV,$16.75,4.2 out of 5 stars, 184 customer reviews
Strike Suit Zero,PC,Strike Suit Zero [Download],$19.99,3.9 out of 5 stars, 15 customer reviews
Strike Suit Zero,Xbox One,Strike Suit Zero [Download],$19.99,3.9 out of 5 stars, 15 customer reviews
Rayman Legends,Xbox One,Rayman Legends - Xbox One Standard Edition,$29.00,4.8 out of 5 stars, 53 customer reviews
Rayman Legends,Playstation 4,Rayman Legends - PlayStation 4 Standard Edition,$32.81,4.6 out of 5 stars, 78 customer reviews
How to Survive,PC,How to Survive [Online Game Code],$14.99,3.6 out of 5 stars, 20 customer reviews
How to Survive,Playstation 4,Call of Duty: Ghosts - PlayStation 4,$32.44,3.3 out of 5 stars, 797 customer reviews
Hand of Fate,PC,Wanted: Weapons of Fate - PC,$2.00,2.9 out of 5 stars, 18 customer reviews
Hand of Fate,Xbox One,Mass Effect Trilogy - Xbox 360,$29.99,4.5 out of 5 stars, 87 customer reviews
Hand of Fate,Playstation 4,Mass Effect Trilogy - Playstation 3,Too low to display,4.7 out of 5 stars, 269 customer reviews
Contrast,Playstation 4,PlayStation 2 Memory Card (8MB),$8.49,4.5 out of 5 stars, 531 customer reviews
Sherlock Holmes: Crimes and Punishments,PC,Crimes and Punishments: Sherlock Holmes - PlayStation 4,$53.87,4.0 out of 5 stars, 10 customer reviews
Sherlock Holmes: Crimes and Punishments,Xbox One,Crimes and Punishments: Sherlock Holmes - Xbox One,$54.08,3.8 out of 5 stars, 6 customer reviews
Sherlock Holmes: Crimes and Punishments,Playstation 4,Crimes and Punishments: Sherlock Holmes - PlayStation 4,$53.87,4.0 out of 5 stars, 10 customer reviews
Alien: Isolation,PC,Alien: Isolation [Online Game Code],$49.99,4.2 out of 5 stars, 10 customer reviews
Alien: Isolation,Xbox One,Alien: Isolation - Xbox One,$52.45,4.2 out of 5 stars, 26 customer reviews
Alien: Isolation,Playstation 4,Alien: Isolation - PlayStation 4,$52.95,3.9 out of 5 stars, 43 customer reviews
Assassin's Creed IV: Black Flag,PC,Assassin's Creed IV Black Flag - PC,$13.94,4.0 out of 5 stars, 130 customer reviews
Assassin's Creed IV: Black Flag,Xbox One,Assassin's Creed IV Black Flag - Xbox One,$17.20,4.6 out of 5 stars, 355 customer reviews
Assassin's Creed IV: Black Flag,Playstation 4,Assassin's Creed IV Black Flag - Playstation 3,Too low to display,4.6 out of 5 stars, 871 customer reviews
The Golf Club,PC,Hank Haney World Golf - PC,$1.65,2.1 out of 5 stars, 35 customer reviews
The Golf Club,Playstation 4,DriveClub (PlayStation 4),$50.99,2.8 out of 5 stars, 78 customer reviews
The Elder Scrolls Online,PC,The Elder Scrolls Online - PC/Mac,$21.99,3.4 out of 5 stars, 210 customer reviews
Stick It to the Man!,PC,MOGA Mobile Gaming System for Android 2.3+,$12.95,3.8 out of 5 stars, 703 customer reviews
Stick It to the Man!,Xbox One,Madden NFL 15 Standard Edition - PlayStation 4,$39.00,3.9 out of 5 stars, 145 customer reviews
Stick It to the Man!,Playstation 4,Madden NFL 15 Standard Edition - PlayStation 4,$39.00,3.9 out of 5 stars, 145 customer reviews
Styx: Master of Shadows,PC,Styx: Master of Shadows [Online Game Code],$29.99,1.0 out of 5 stars, 1 customer review
Styx: Master of Shadows,Xbox One,Styx: Master of Shadows [Online Game Code],$29.99,1.0 out of 5 stars, 1 customer review
Rocksmith 2014,PC,Rocksmith 2014 Edition - PC/Mac (Cable Included),$59.98,3.6 out of 5 stars, 778 customer reviews
Rocksmith 2014,Playstation 4,Rocksmith 2014 Edition - Playstation 3 (Cable Included),$38.99,4.5 out of 5 stars, 583 customer reviews
Strider,PC,Ultimate Marvel Vs. Capcom 3 - Playstation 3,$43.99,4.3 out of 5 stars, 215 customer reviews
Strider,Xbox One,Strider Hiryu [Japan Import],$4.57,4.0 out of 5 stars, 1 customer review
Strider,Playstation 4,Ultimate Marvel Vs. Capcom 3 - Playstation 3,$43.99,4.3 out of 5 stars, 215 customer reviews
Trials Fusion,PC,Trials Fusion Standard [Online Game Code],$19.99,3.8 out of 5 stars, 6 customer reviews
Trials Fusion,Xbox One,Trials Fusion - Xbox One,$24.38,3.9 out of 5 stars, 26 customer reviews
Trials Fusion,Playstation 4,Trials Fusion - PlayStation 4,$27.95,4.4 out of 5 stars, 39 customer reviews
Plants vs. Zombies: Garden Warfare,PC,Plants vs Zombies Garden Warfare,$22.50,2.7 out of 5 stars, 266 customer reviews
Plants vs. Zombies: Garden Warfare,Xbox One,Plants vs Zombies Garden Warfare,$22.50,2.7 out of 5 stars, 266 customer reviews
Plants vs. Zombies: Garden Warfare,Playstation 4,Plants vs Zombies Garden Warfare - PlayStation 4,$30.00,3.6 out of 5 stars, 59 customer reviews
Roundabout,PC,Tomb Raider,$25.38,4.5 out of 5 stars, 963 customer reviews
Roundabout,Xbox One,Tomb Raider,$25.38,4.5 out of 5 stars, 963 customer reviews
Roundabout,Playstation 4,Tomb Raider,$25.38,4.5 out of 5 stars, 963 customer reviews
Tetris Ultimate,Playstation 4,Ultimate Block Party - Sony PSP,$2.83,4.2 out of 5 stars, 4 customer reviews
Watch Dogs,Xbox One,Watch Dogs - Xbox One,$30.13,3.7 out of 5 stars, 293 customer reviews
Watch Dogs,Playstation 4,Watch Dogs - PlayStation 4,$32.18,3.9 out of 5 stars, 620 customer reviews
The Amazing Spider-Man 2,PC,The Amazing Spider-Man 2 [Online Game Code],$39.99,2.6 out of 5 stars, 5 customer reviews
The Amazing Spider-Man 2,Xbox One,The Amazing Spider-Man 2 - Xbox One,$25.89,3.5 out of 5 stars, 16 customer reviews
The Amazing Spider-Man 2,Playstation 4,The Amazing Spider-Man 2 - PlayStation 4,$31.99,3.4 out of 5 stars, 65 customer reviews
Call of Duty: Ghosts,PC,Call of Duty: Ghosts - PC,Too low to display,2.4 out of 5 stars, 381 customer reviews
Call of Duty: Ghosts,Xbox One,Call of Duty: Ghosts - Xbox One,$13.90,3.5 out of 5 stars, 687 customer reviews
Call of Duty: Ghosts,Playstation 4,Call of Duty: Ghosts - PlayStation 4,$32.44,3.3 out of 5 stars, 797 customer reviews
Never Alone,PC,Battlefield 3 Premium Edition - PC,$22.99,3.9 out of 5 stars, 391 customer reviews
Never Alone,Xbox One,Trials Fusion - Xbox One,$24.38,3.9 out of 5 stars, 26 customer reviews
Never Alone,Playstation 4,Trials Fusion - PlayStation 4,$27.95,4.4 out of 5 stars, 39 customer reviews
The LEGO Movie Videogame,PC,The LEGO Movie - Videogame [Online Game Code],$29.99,3.1 out of 5 stars, 25 customer reviews
The LEGO Movie Videogame,Playstation 4,The LEGO Movie Videogame,Too low to display,4.3 out of 5 stars, 52 customer reviews
Payday 2,PC,Payday 2: Ultimate Steal Pack - PC,$19.99,5.0 out of 5 stars, 5 customer reviews
Payday 2,Xbox One,Payday 2 - Xbox 360,$15.99,3.6 out of 5 stars, 123 customer reviews
Payday 2,Playstation 4,Payday 2 - Playstation 3,$18.25,3.8 out of 5 stars, 66 customer reviews
Sniper Elite III,PC,Sniper Elite III [Online Game Code],$49.99,4.1 out of 5 stars, 10 customer reviews
Sniper Elite III,Xbox One,Sniper Elite III - Xbox One Standard Edition,$41.51,3.9 out of 5 stars, 27 customer reviews
Sniper Elite III,Playstation 4,Sniper Elite III - PlayStation 4 Standard Edition,$43.45,4.2 out of 5 stars, 55 customer reviews
Farming Simulator 15,Xbox One,Farming Simulator - Xbox 360,$26.53,4.5 out of 5 stars, 168 customer reviews
Farming Simulator 15,Playstation 4,Farming Simulator - PlayStation 3,$24.63,4.4 out of 5 stars, 73 customer reviews
The Walking Dead: Season Two,PC,The Walking Dead Season 2 [Online Game Code],$24.99,3.6 out of 5 stars, 36 customer reviews
Battlefield 4,PC,Battlefield 4 [Online Game Code],$29.99,3.2 out of 5 stars," 1,208 customer reviews"
Battlefield 4,Xbox One,Battlefield 4 - Xbox One,Too low to display,3.4 out of 5 stars, 897 customer reviews
Battlefield 4,Playstation 4,Battlefield 4 - PlayStation 4,$35.00,3.5 out of 5 stars," 1,289 customer reviews"
Warframe,PC,Warframe [Download],$0.00,3.9 out of 5 stars, 53 customer reviews
Warframe,Xbox One,Warframe Splinter Pack [Online Game Code],$19.99,3.9 out of 5 stars, 53 customer reviews
Infinity Runner,PC,Last Knight [Download],$5.99,3.7 out of 5 stars, 3 customer reviews
Guacamelee!,PC,Guacamelee! Gold Edition [Online Game Code],$14.99,4.1 out of 5 stars, 7 customer reviews
NBA 2K14,PC,NBA 2K14,$14.99,2.8 out of 5 stars, 223 customer reviews
NBA 2K14,Xbox One,NBA 2K14 - Xbox One,$18.73,3.4 out of 5 stars, 224 customer reviews
NBA 2K14,Playstation 4,NBA 2K14 - PlayStation 4,$19.71,3.8 out of 5 stars, 478 customer reviews
Shadow Warrior,PC,Shadow Warrior,$17.97,4.6 out of 5 stars, 5 customer reviews
Murdered: Soul Suspect,PC,Murdered: Soul Suspect [Online Game Code],$29.99,3.6 out of 5 stars, 9 customer reviews
Murdered: Soul Suspect,Xbox One,Murdered Soul Suspect,$31.49,3.7 out of 5 stars, 36 customer reviews
Murdered: Soul Suspect,Playstation 4,Murdered Soul Suspect,$34.49,3.7 out of 5 stars, 73 customer reviews
Wolfenstein: The New Order,PC,Wolfenstein: The New Order - PC,$37.48,3.6 out of 5 stars, 193 customer reviews
Wolfenstein: The New Order,Xbox One,Wolfenstein: The New Order - Xbox One,$29.99,4.3 out of 5 stars, 159 customer reviews
Wolfenstein: The New Order,Playstation 4,Wolfenstein: The New Order - PlayStation 4,$44.98,4.4 out of 5 stars, 241 customer reviews
Q.U.B.E. Director's Cut,PC,"RAVPower® Element 10400mAh External Battery USB Portable Charger (Dual USB Outputs, Ultra Compact Design), Travel Charger for iPhone 6,iPhone 6 plus,iPhone 5, 5S, 5C, 4S, 4, iPad Air, 4, 3, 2, Mini 2 (Apple adapters not included); Samsung Galaxy S5, S4, S3, S2, Note 3, Note 2; HTC One, EVO, Thunderbolt, Incredible, Droid DNA, Motorola ATRIX, Droid, Moto X, Google Glass, Nexus 4, Nexus 5, Nexus 7, Nexus 10, LG Optimus, PS Vita, GoPro, Smart Watch and More - Black",$22.99,4.5 out of 5 stars," 1,618 customer reviews"
Q.U.B.E. Director's Cut,Xbox One,"RAVPower® Element 10400mAh External Battery USB Portable Charger (Dual USB Outputs, Ultra Compact Design), Travel Charger for iPhone 6,iPhone 6 plus,iPhone 5, 5S, 5C, 4S, 4, iPad Air, 4, 3, 2, Mini 2 (Apple adapters not included); Samsung Galaxy S5, S4, S3, S2, Note 3, Note 2; HTC One, EVO, Thunderbolt, Incredible, Droid DNA, Motorola ATRIX, Droid, Moto X, Google Glass, Nexus 4, Nexus 5, Nexus 7, Nexus 10, LG Optimus, PS Vita, GoPro, Smart Watch and More - Black",$22.99,4.5 out of 5 stars," 1,618 customer reviews"
Q.U.B.E. Director's Cut,Playstation 4,"RAVPower® Element 10400mAh External Battery USB Portable Charger (Dual USB Outputs, Ultra Compact Design), Travel Charger for iPhone 6,iPhone 6 plus,iPhone 5, 5S, 5C, 4S, 4, iPad Air, 4, 3, 2, Mini 2 (Apple adapters not included); Samsung Galaxy S5, S4, S3, S2, Note 3, Note 2; HTC One, EVO, Thunderbolt, Incredible, Droid DNA, Motorola ATRIX, Droid, Moto X, Google Glass, Nexus 4, Nexus 5, Nexus 7, Nexus 10, LG Optimus, PS Vita, GoPro, Smart Watch and More - Black",$22.99,4.5 out of 5 stars," 1,618 customer reviews"
Duck Dynasty,Xbox One,Duck Dynasty - Xbox One,$44.99,5.0 out of 5 stars, 2 customer reviews
Tekken 7,PC,Tekken 6 - Xbox 360,$13.83,3.9 out of 5 stars, 124 customer reviews
Tekken 7,Playstation 4,Tekken 6 (Greatest Hits) - Playstation 3,$13.83,4.2 out of 5 stars, 307 customer reviews
Metro Redux,PC,Metro Redux  [Online Game Code],$49.98,3.0 out of 5 stars, 3 customer reviews
Metro Redux,Playstation 4,Metro Redux - PlayStation 4,$41.99,4.6 out of 5 stars, 37 customer reviews
Child of Light,PC,Child of Light [Online Game Code],$14.99,4.4 out of 5 stars, 26 customer reviews
Child of Light,Xbox One,Child of Light [Online Game Code],$14.99,4.4 out of 5 stars, 26 customer reviews
Child of Light,Playstation 4,"Child of Light: Deluxe Edition [PlayStation 4, PlayStation 3, PS4, PS3 Limited Collector] NEW",$54.99,1.7 out of 5 stars, 6 customer reviews
Disney Infinity: Marvel Super Heroes,PC,Marvel Super Hero Squad: The Infinity Gauntlet - Nintendo DS,$10.50,3.9 out of 5 stars, 19 customer reviews
Disney Infinity: Marvel Super Heroes,Xbox One,Disney INFINITY: Marvel Super Heroes (2.0 Edition) Video Game Starter Pack - Xbox 360,$69.00,4.5 out of 5 stars, 14 customer reviews
Chariot,PC,Legion: Chariots of War - PC,$15.00,2.4 out of 5 stars, 7 customer reviews
Chariot,Xbox One,Prince of Persia: The Two Thrones,$5.95,4.4 out of 5 stars, 38 customer reviews
The Evil Within,PC,The Evil Within - PC,$58.95,3.6 out of 5 stars, 5 customer reviews
The Evil Within,Xbox One,The Evil Within - Xbox One,$55.75,4.4 out of 5 stars, 10 customer reviews
The Evil Within,Playstation 4,The Evil Within - PlayStation 4,$54.89,3.9 out of 5 stars, 39 customer reviews
Tomb Raider,PC,Tomb Raider [Download],$19.99,4.4 out of 5 stars, 716 customer reviews
Tomb Raider,Xbox One,Tomb Raider: Definitive Edition,$30.66,4.7 out of 5 stars, 158 customer reviews
Tomb Raider,Playstation 4,Tomb Raider: Definitive Edition,$31.49,4.7 out of 5 stars, 327 customer reviews
FIFA 14,Xbox One,FIFA 14 - Xbox One,$19.84,3.9 out of 5 stars, 191 customer reviews
FIFA 14,Playstation 4,FIFA 14 - PlayStation 4,$21.99,4.0 out of 5 stars, 490 customer reviews
FIFA 15,PC,FIFA 15 [Online Game Code],$59.99,2.6 out of 5 stars, 20 customer reviews
FIFA 15,Xbox One,FIFA 15 - Xbox One,$45.75,3.5 out of 5 stars, 24 customer reviews
FIFA 15,Playstation 4,FIFA 15 - PlayStation 4,$45.80,3.8 out of 5 stars, 75 customer reviews
Need for Speed Rivals,PC,Need for Speed Rivals - PC,$17.99,2.8 out of 5 stars, 122 customer reviews
Need for Speed Rivals,Xbox One,Need for Speed Rivals - Xbox One,$18.50,3.5 out of 5 stars, 230 customer reviews
Rugby 15,PC,"RAVPower® Element 10400mAh External Battery USB Portable Charger (Dual USB Outputs, Ultra Compact Design), Travel Charger for iPhone 6,iPhone 6 plus,iPhone 5, 5S, 5C, 4S, 4, iPad Air, 4, 3, 2, Mini 2 (Apple adapters not included); Samsung Galaxy S5, S4, S3, S2, Note 3, Note 2; HTC One, EVO, Thunderbolt, Incredible, Droid DNA, Motorola ATRIX, Droid, Moto X, Google Glass, Nexus 4, Nexus 5, Nexus 7, Nexus 10, LG Optimus, PS Vita, GoPro, Smart Watch and More - Black",$22.99,4.5 out of 5 stars," 1,618 customer reviews"
Rugby 15,Xbox One,"RAVPower® Element 10400mAh External Battery USB Portable Charger (Dual USB Outputs, Ultra Compact Design), Travel Charger for iPhone 6,iPhone 6 plus,iPhone 5, 5S, 5C, 4S, 4, iPad Air, 4, 3, 2, Mini 2 (Apple adapters not included); Samsung Galaxy S5, S4, S3, S2, Note 3, Note 2; HTC One, EVO, Thunderbolt, Incredible, Droid DNA, Motorola ATRIX, Droid, Moto X, Google Glass, Nexus 4, Nexus 5, Nexus 7, Nexus 10, LG Optimus, PS Vita, GoPro, Smart Watch and More - Black",$22.99,4.5 out of 5 stars," 1,618 customer reviews"
LEGO Marvel Super Heroes,Xbox One,LEGO Marvel Super Heroes - Xbox One,$19.99,4.5 out of 5 stars, 201 customer reviews
LEGO Marvel Super Heroes,Playstation 4,LEGO Marvel Super Heroes - PlayStation 4,$19.99,4.5 out of 5 stars, 297 customer reviews
Costume Quest 2,PC,Costume Quest [Online Game Code],$9.99,4.4 out of 5 stars, 14 customer reviews
Costume Quest 2,Playstation 4,Virtua Fighter 4 Evolution - PlayStation 2,$0.01,4.3 out of 5 stars, 46 customer reviews
Middle-earth: Shadow of Mordor,PC,Middle Earth: Shadow of Mordor,$45.99,4.4 out of 5 stars, 27 customer reviews
Middle-earth: Shadow of Mordor,Xbox One,Middle Earth: Shadow of Mordor - Xbox One,$54.56,4.5 out of 5 stars, 63 customer reviews
Middle-earth: Shadow of Mordor,Playstation 4,Middle Earth: Shadow of Mordor - PlayStation 4,$55.75,4.3 out of 5 stars, 183 customer reviews
Metal Gear Solid V: Ground Zeroes,Xbox One,Metal Gear Solid V: Ground Zeroes - Xbox One Standard Edition,$19.93,3.3 out of 5 stars, 84 customer reviews
Metal Gear Solid V: Ground Zeroes,Playstation 4,Metal Gear Solid V: Ground Zeroes - PlayStation 4 Standard Edition,$20.69,3.6 out of 5 stars, 392 customer reviews
